id,MasterItemNo,QtyShipped
3708,61289,20.498185590497116
6302,61289,87.61721709007696
8687,61289,18.436339916301854
361,61289,71.31439132415997
13231,61289,2164.2677193981863
9001,61289,1384.212161324715
1924,61289,1012.2308292498446
8950,61289,17.910821708960636
4449,61289,537.188536688341
1954,61289,933.5399674256851
3695,61289,371.76077411198594
7966,61289,518.5295479208118
8870,61289,6.523892713425587
13371,61289,4.487155837093172
12399,63302,2354.6030761828997
11113,49026,4.179684596402555
9397,61289,459.47643486180834
3469,61289,210.8051637821699
12723,61289,2183.2312261012776
10172,61289,974.1238904720701
1386,61289,4.014741194622376
3388,61289,871.6500058294048
12442,61289,1118.104041565574
5747,61289,1110.3622036260367
12411,61289,2273.8089327466746
13189,61289,23.42803390848241
10114,61289,388.77010890179565
8876,61289,49.69334629027796
2930,61289,8.321374323902573
869,61289,606.9061508932297
13061,61289,164.97432583251555
609,61289,2.1858917169566188
4605,61289,945.2412980812601
1731,61289,6.55716966631513
7337,61289,64.62899647859932
3703,61289,1062.5314909918889
11948,61289,3.623018714375082
5130,61289,3033.428679879663
5606,61289,233.64673027231518
10684,61289,37.71981089501093
8297,61289,21.49362641638783
4541,61289,71.74687017565759
1321,61289,11.462562850140593
5816,61289,4.108899321815229
11013,53691,2160.621335859446
4376,61289,471.4380639510063
1603,61289,325.68492885793864
10743,61289,23.46430399837519
10443,61289,780.8903786123775
2321,61289,7.8249398502702
4251,61289,1078.3035990821504
2996,61289,4.853653907291886
5859,61289,73.223687148266
12269,61289,2265.600052074667
64,61289,2.2135541369727063
2520,61289,6.559973873747854
10001,61289,1076.820125487343
10229,61289,752.1711746850345
12295,61343,2204.8452915470507
10772,61289,9.923492044959755
3985,58225,9.46871997049262
4873,61289,170.9913998974218
9059,49026,345.45977749326374
3502,61289,689.5685466084054
6462,61289,168.6872501587008
354,61289,69.87953278340407
9759,61289,65.12690676265724
1596,61289,1058.3719328475609
7922,61289,5.001930243318848
4004,61289,1222.369856751628
1143,61289,5.2120635920916
10804,61289,13.594341587308488
3791,61289,158.04890057389758
7110,61289,1020.1867650671279
1394,61289,461.6631597979616
12752,61289,21.72816508198553
3205,61289,7.433381118189016
8055,61289,8.05641636009797
11540,61289,7.457015729386443
2349,61206,10.547889758681876
11867,61289,35.23435786503401
7464,61289,817.6729794872278
12015,63302,2438.657959594276
1373,61289,2.6057375875559567
8272,61289,5.834857011383977
2928,61289,155.87569297768417
11263,61289,1198.9173496874105
7364,61289,57.41791283445335
2120,61289,676.474540142786
12208,61343,2208.5866480505083
3077,61289,9.570540588741546
3694,61289,1133.1979130747663
10426,61289,1074.7075489722506
6246,61289,35.787995880336496
7927,61289,32.436604605755335
11876,61289,1038.329471083478
2911,61289,445.0612908192669
5814,61289,4.108899321815229
5427,61289,80.71560613543485
1531,61289,4.487155837093172
7653,61289,34.56848680387793
2183,61289,273.49245125160456
11578,61289,2193.719581094149
5810,61289,4.108899321815229
13229,61289,2165.755998092346
5062,61289,45.58789223697564
12051,61289,725.6651001381347
3956,61289,7.391854996917138
10847,61289,1130.626823961998
12847,61289,488.34255270097447
8515,61289,4.954700941389076
2526,61289,7.391854996917138
4098,61289,130.62889640727414
13093,61289,14.34462602069952
5887,61289,42.67529682130637
2502,61289,6.671632995304394
3942,61206,9.582518047415695
3707,61289,521.0116562609106
12119,61289,61.14998372388542
13291,61289,145.29123771215436
7656,61289,35.6861632151312
9979,61289,1090.2178417408036
12683,61289,427.39225835696084
8729,61289,3.4932716880997026
10085,61289,773.0498752398322
2656,61289,9.451755034632924
5917,61289,2137.385880170953
7866,61289,8.189107813492779
12672,61289,3.007639825104869
11032,61289,616.2746771060908
2070,61289,192.53243208523935
9036,61289,200.3005632006483
3194,61289,848.6388776032967
11845,61289,114.61907335507054
456,61289,47.90566579145561
10126,61289,640.3897249130989
6724,61289,381.07090508345993
1702,61289,1753.6232494454252
10521,61289,29.423714668113515
3059,58209,9.46871997049262
12751,61289,20.226942614453648
4871,61289,13.644626510171168
5548,61289,246.93730476947127
873,61289,606.079835455335
3022,61289,7.996561959039464
2895,61289,461.0263524707902
938,61289,1090.2191840674946
169,61289,7.349242373410435
12719,61289,371.33095417965444
9626,61289,1158.7566895087155
4348,61289,23.86871516505424
1740,61289,5.409385479552572
8856,61289,3.4932716880997026
4024,61289,4.853653907291886
9648,61289,7.470958110865972
10547,61289,978.07830334386
11910,40328,2271.8122314946418
4619,61289,245.55324516837177
13128,61289,150.38544154676356
4702,61289,273.62768539848787
3317,61289,64.36876113291832
8577,61289,676.2884493360348
2752,61289,44.97582446198081
6031,61289,2149.679563882081
7574,63356,2230.7198987812076
4203,61289,1156.2035055037998
5229,61289,2111.906264777738
9271,61289,617.308227634876
9726,40328,13.591034564375505
2808,61289,119.74976033046893
4016,61289,1101.9986404781203
12803,61289,4.014741194622376
5051,61289,419.68257169213723
9966,61289,665.7403077000301
4505,61289,1655.7540444813806
1087,61289,4.145370360517454
7493,61289,464.4104228451821
12416,61343,2123.3370396075206
11323,61289,517.5845241403334
2021,61289,1521.5365819786334
12233,64800,2333.3020995227166
12191,60202,15.812494092729132
5269,61289,18.342613190728695
4844,61289,8.443849034295786
3044,61289,16.97148911398722
7308,61289,524.0269003084975
12426,61289,166.3268271628001
3822,61289,8.321374323902573
2311,61289,4.853653907291886
12544,61289,2183.1902718735305
8971,61289,30.034567422544765
305,61289,4.1123871591186125
1563,61289,996.487861763733
5432,61289,71.83332192291863
7672,61289,8.614474466888929
13214,61289,366.4482321830405
11846,61289,2310.4214680184136
3018,61289,9.451755034632924
6210,61289,2216.1463507290964
539,61289,11.86172556448399
13342,61289,385.96561288549105
182,61289,4.1123871591186125
2443,61289,165.84500802910148
2630,61289,4.853653907291886
7198,61289,953.010585965322
750,61289,4.081095369994918
10636,61289,569.8834199153068
10307,61289,2238.790373474121
4266,61289,1294.1443030302776
6866,60409,7.489229175737041
4809,61289,8.321374323902573
6339,61289,416.0081573301816
1079,61289,5.873195776156632
7979,61289,439.44296084917585
1214,61289,218.2285691769379
11159,61289,606.4061699610114
721,61289,514.9072447685642
400,61289,4.014741194622376
9692,60577,53.56421587814056
10095,61289,4.212614620831967
6051,61289,460.9722366514656
5724,61289,1041.6360133138496
5925,61289,600.5957282987223
12619,61289,152.68307766312236
12336,61289,174.08643569592445
5364,61289,492.22607809008554
8672,61289,1255.0215284535252
625,61289,5.409385479552572
8192,62176,18.170113548815984
1115,61289,154.9536572817079
3795,61289,7.325500821544596
3541,63657,491.9322886405555
9,61289,1618.2305549780888
3121,61289,8.321374323902573
6936,61289,36.715065164986584
1483,61289,497.8855361088655
8019,61289,14.516608635784499
2445,61289,220.29620584498673
458,61289,576.2368737991882
12971,61289,190.591890923089
1176,61289,538.7816071319967
13162,61289,329.8981609326874
4354,61289,8.321374323902573
3861,58209,673.2120374998158
8993,61289,5.154611482507705
11543,61289,5.809425617504343
6085,61289,705.2720614535178
7591,61289,1029.7216643642953
2532,61289,266.62706965966885
9373,61289,345.5028103113119
6804,61289,8.565719561543068
6935,61289,36.715065164986584
2797,61289,894.1627024140037
519,61289,565.6566182360057
5873,61289,125.84006469218411
2967,61289,261.13924242113734
5964,61289,16.8687784169225
312,61289,2.6780294267654874
7278,61289,26.888784637572716
1698,61289,1753.691763639932
9054,61289,371.89964184678774
7220,61289,452.42249559423533
2508,63596,9.536718368120287
11865,61289,26.497705999119848
5271,61289,18.342613190728695
12106,61289,351.77993982718436
10371,61289,705.6390591356885
7221,61289,449.9013507540303
9762,61289,7.3479001219668545
12311,61289,147.166425841685
10330,61289,693.2981315986951
10911,61289,1046.6109335649783
3955,61289,7.391854996917138
2110,61289,678.0703775135297
4025,61289,6.559973873747854
7753,61289,109.0219932743981
6957,61289,691.1151219310949
9212,61289,874.6329370197237
2367,61289,158.04890057389758
3586,61289,889.8019275031879
3976,61289,8.25502014853003
3298,61289,5.548325416237801
11537,61289,2313.0285673521275
5063,61289,45.58789223697564
3078,61289,9.451755034632924
10392,40328,26.538868777783804
7622,61289,434.42629191844253
2345,61289,164.41622319376498
5968,61289,8.977378928269024
13377,61289,4.081095369994918
6887,61289,709.9544117514858
488,61289,535.5326412895671
4990,61289,2285.5356850364155
8575,61289,691.7814592645104
9050,61289,155.69691612157135
8808,61289,1190.4958085547478
12036,61289,95.15250464598208
10363,61289,620.9662106581059
11803,61289,315.49425063769013
2320,61289,7.8249398502702
7077,61289,450.95822685957313
12032,61289,144.85915039087837
8775,61289,4.081095369994918
6879,61343,2175.0841117768987
12781,61289,170.66764841801904
4606,61289,950.2624266832036
8458,61289,5.097835173468608
5408,61289,52.24701830386948
12074,61289,642.485336385547
3706,61289,1204.5593273518955
249,61289,1030.4267571251394
6974,61289,18.624948170848064
6119,61289,448.50169377475163
2702,61289,8.25502014853003
4247,61289,2618.5316164053575
8490,61289,690.730752269573
451,61289,575.8565984457871
11034,61289,480.59023655180044
7950,61289,9.192765805604065
3729,63561,295.3292421082681
2885,61289,473.6355103842368
12158,61289,102.71926292993831
4985,61289,2071.679553342404
2185,61289,273.49245125160456
6265,61289,370.46199735824314
71,61289,10.785506570323072
7196,61289,951.3788994166749
6015,63302,2284.2102518579395
6474,61289,220.04350748506042
1494,61289,145.51483913313814
10376,50879,5.665512918724126
7840,61289,804.0581701654061
4102,61289,68.19718768840703
8754,61289,28.320197472874565
11350,61289,10.273238325057603
5886,61289,338.3820497132018
11015,61289,2215.319487632013
6000,61289,4.518447626216868
1086,61289,5.448322610068553
10127,61289,645.9329804667002
8815,61289,485.2114407713256
11325,61289,594.3208119992033
12020,61289,916.4008437694574
3209,61289,883.7860427547455
10668,61289,131.0645131437442
10680,61289,329.1410721054008
8369,61289,3.4932716880997026
9465,61289,98.89353311384028
812,61289,36.25073250891211
7812,61289,806.8065628923948
3466,61289,360.49705798317336
6088,61289,670.2683128036382
4031,61347,9.4721233200487
9177,61289,300.8255360145568
9227,61289,683.0217693411998
11812,61289,1011.9033521061845
10195,61289,675.2867743538778
8094,61289,54.33536402613715
11194,61289,2119.5491286868146
8676,61289,3.4932716880997026
10219,61289,239.1508441076977
1062,61289,9.9277309289911
1347,61289,1045.2475200132426
4239,61289,4631.533493440146
5986,61289,5.244391460562622
4562,61289,16.946057720107586
10303,61289,2227.026160308679
12142,61289,377.5719070799032
4827,61289,8.321374323902573
3659,61289,184.0198585852424
13321,61289,184.86386354188437
9574,61289,214.9504104630067
9009,61289,396.95305004537533
9239,61289,1083.5131402852646
9463,61289,143.537988931894
9516,61289,94.83768115367485
2158,61289,1073.327661948057
901,61289,1125.567929732709
6763,50584,472.34796959692073
100,61289,10.4787183795663
12154,61289,490.25320450717214
12901,61289,126.95359614245902
2228,61289,849.955202432021
10042,61289,51.57405869130096
8834,61289,1096.9477510724646
8898,43460,2.1616810551947507
10544,61289,982.0307893247225
3167,61289,48.17640566928328
2953,61289,32.03670952582917
6481,61289,136.35137385055344
386,61289,4.108899321815229
411,61289,515.3608534527376
1484,61289,497.8785395024617
13178,61289,128.59980409429943
11891,61289,1036.7185229370818
2037,61289,990.7276425897512
5264,61289,9.402077148038618
13274,61289,153.86315890118698
885,34748,1091.5550728741923
5000,61289,2110.750899249149
534,61289,15.722391045434039
2291,61289,358.39324160773054
3410,61289,888.4881307913043
10356,61289,1006.9322086701154
7638,61289,443.4731785590592
2010,61289,110.54111526078992
11701,61289,45.38699164774191
1374,61289,14.569349839097274
3834,64869,9.451755034632924
10592,61289,4.89075614449418
12180,61289,2252.2303656312115
10775,61289,3.685831741196164
11988,61289,94.07762131058396
219,61289,1037.9456993371368
5682,61215,97.31320731542222
1635,61289,1022.5785693662108
9923,61289,761.1813300171398
3101,61289,5.974406542119909
1011,61289,483.36613769720384
543,61289,26.497705999119848
8590,61289,1090.8093073304465
2803,61289,222.55644019550203
11853,61289,2072.318487231407
9791,61289,594.8610590300825
1660,61289,49.65006968656594
8609,61289,4.853653907291886
9738,50891,4.47333940760339
4815,61289,8.443849034295786
1458,61289,69.0168899602469
12907,61289,22.92891636259242
3895,61289,165.82463535663905
6914,61289,459.7838741974094
9644,61289,7.470958110865972
6832,61289,91.729426144391
1431,61289,4.1123871591186125
6741,61289,4.145370360517454
5529,61289,1038.225969661199
6844,61289,1018.8414555086841
8122,61289,321.86582399314113
5492,61289,396.54017047663024
2055,61289,188.7713331622311
4349,61289,5.425850705844588
10920,61289,666.11975644977
10543,61289,1132.2075614031119
10585,61289,2233.3747629396657
10507,61289,14.417887095853459
12832,61289,440.5651133229677
11559,61289,60.206913347599226
2408,64869,9.451755034632924
2309,61289,4.853653907291886
1311,61289,4.046032983746071
10432,61289,365.5898771164857
8105,61289,253.77116910841602
2486,61191,10.702610074136144
7075,61289,481.16045267805237
8774,61289,10.565018323713273
12538,61289,105.01345244860808
5508,61289,310.93325299565157
2335,61289,1204.5593273518955
11218,61289,483.0794937662423
8052,61289,146.5637203009994
12902,61289,115.85435989658396
5876,63302,2276.0852662797333
11244,49026,24.77066840960697
5461,61289,614.6868732706358
6174,61289,10.919313550198192
11104,61289,69.16357621197281
2620,58209,935.9912353187425
1490,61289,4.487155837093172
12750,63302,2287.8393502713056
10811,60203,24.73202267576365
13277,61289,115.12183055094835
4014,61289,9.582518047415695
8818,61289,8.825839738586295
8422,61289,5.119633081518746
114,61289,4.081095369994918
5829,61289,12.164391465228546
3920,61289,8.321374323902573
8929,61289,4.487155837093172
3843,61289,8.377494858923242
5525,61289,441.77540772230066
9822,61289,2162.9213790447902
12057,61289,21.737879947032493
928,61289,1088.1742728808656
36,61289,4.143908396815999
2304,63492,448.96748570054
10997,61289,277.60004633918834
6779,61289,15.37684000367608
4065,61289,8.321374323902573
587,61289,478.24525141403996
5338,61289,212.0825538071036
7771,61289,263.24506009987635
4817,61289,722.4214245737513
5381,61289,936.1975373353806
5665,61289,247.0293356391246
2352,58209,196.8798568913468
773,61289,1020.6153465604948
8730,61289,3.6926882344423215
4717,61289,11.392933298986659
10375,61216,80.11114067441196
1040,61289,557.9135669330562
48,61289,13.73413132481412
4872,61289,171.13435182619037
11651,61289,4.145370360517454
6619,61289,1117.7658102894643
13003,61289,170.47755682354946
10784,61289,8.734437794018017
4755,61289,8.321374323902573
9582,61289,149.8628508190005
3571,61289,212.6559799730425
8873,61289,32.71754998460011
8281,61289,9.161432476252125
5129,61289,2399.0381964468907
9270,61289,625.7073803234134
8395,61289,10.679155835451201
9366,61289,449.9401922399302
12636,61289,103.73366721639182
11142,59806,73.44095896460558
2778,61289,145.4055322584743
978,61289,4.143651084696327
4245,61289,998.3251321687385
11993,61289,503.6013458231734
7380,61289,4.628735530689348
4105,61289,9.582518047415695
13196,61289,425.8614221602219
9780,61289,590.9573471461683
6153,61289,5.001930243318848
12815,61289,55.073324642705586
11969,61289,99.53454490761791
2817,61289,998.9416011201872
1352,61289,9.14647800046882
1179,61289,538.843138761996
7188,61289,951.5078265202189
9575,61289,211.42448780597556
12081,61289,497.3470104458457
7496,61289,1139.8166193978595
9879,61289,388.6118214193136
11941,61289,1069.5485776377272
11073,61289,109.75822402962054
7253,61289,460.49193370255796
12715,61289,2242.668723558877
9137,61289,2.1616810551947507
10890,61289,876.926210303632
7151,61289,952.8886412245374
6928,61289,55.05512732092515
2453,61289,161.85579052802208
380,61289,10.277282860981005
3510,61289,1016.3652819338722
11298,61289,607.2303785289218
12221,61289,46.36120462747248
4786,61289,8.443849034295786
11108,61289,910.8517188681288
5961,61289,21.711005214388464
7394,61289,1014.0580619186085
10582,61289,2216.0846262304576
11521,60958,2273.46427348412
3679,61289,990.6737343671944
8656,61289,4.014741194622376
9618,61289,324.6240504787743
10649,61289,580.5722279247444
9223,61289,38.391264158626775
3593,61289,985.9246773232029
6791,63302,2277.81411764018
8705,50891,3.4932716880997026
9159,61289,270.559089563522
3308,61289,956.4140684610148
291,61289,7.108160337878774
1122,61289,137.75502238974127
2902,61289,777.954616063618
8201,61289,2.9508385355588675
5787,61289,4.397178029905849
9031,61289,428.00827835731246
7114,61289,1024.1330251856557
8352,61289,136.83063511635913
2239,61289,1213.8303573377002
13297,61289,110.50706486198241
1262,61289,235.61587583223815
6396,61289,632.0373807425219
7524,61289,125.38969934165442
1384,61289,63.25776983529184
11391,61289,621.600231945292
2413,61289,861.6678487811321
7525,61289,148.76735895055435
2418,61289,978.8939717501266
4339,61289,10.88966922621316
9471,61289,86.49520043371541
1003,61289,8.180693975756528
248,61289,1030.42681355456
8872,61289,8.520066824046562
2665,61289,9.570540588741546
9691,61289,13.37734032765098
11859,61289,2078.5263959886497
3117,61289,8.321374323902573
512,61289,5.125079854830862
11683,61289,4.3204949174763865
10504,61289,6.384955751671302
6823,61289,944.0211187246013
10165,61289,967.736284360563
1108,61289,4.487155837093172
8841,61289,4.014741194622376
3847,61289,7.433381118189016
13010,61289,2319.1767466353117
10481,61289,3.6890632132131094
10198,61289,690.25360825684
12118,61289,207.900386694696
10634,61289,23.68900527999327
136,61289,9.56017974250834
5217,61289,597.5429434972874
2406,63728,7.391854996917138
2472,61289,9.570815789082266
7404,61289,415.0183725894899
2338,61289,36.942468996999594
12993,61289,7.533670938783005
6932,61289,54.07892253629358
12453,61289,3.4932716880997026
7682,62100,326.37169161819713
8361,61289,325.7581431186536
11092,61289,7.310059807419948
10395,61289,374.6555152696036
10689,61289,858.1710990496188
4672,61289,242.16918079842162
5490,61289,407.6944271173113
10498,61289,586.5072761069002
5340,61289,4.987263380211806
6836,61289,81.15572397789467
9949,61289,1044.0301892933949
12275,61289,2253.485136773742
3423,61289,3.430524230983853
12415,61289,462.97393294096304
9393,61289,537.8259289352878
1324,61289,11.233829169638325
13340,61289,385.14003498415605
2985,61289,9.317344668350373
2219,61289,90.63728827757834
7473,61289,675.9056051484076
9262,61289,87.12992705657591
5982,61289,4.628735530689348
903,61289,1091.6931654845034
1966,61289,889.4040830956509
7754,61289,103.60092593652845
6572,63302,2403.168470518966
10491,61289,119.31725304021258
11162,61289,2248.0182073918504
748,61289,4.081095369994918
1881,61289,64.96115265233045
1922,61289,1106.7185684414064
979,61289,4.014741194622376
931,61289,1099.8326447468744
9683,61289,10.770634790406975
8741,61289,1193.8712743237543
13095,61289,12.219870302793316
7956,61289,3.7242094721397088
4706,61289,841.9874139648834
10102,61289,662.1462646595376
5059,61289,10.853052680632976
9472,61289,86.03189153889947
5844,61289,205.64485597232851
7458,61289,4.231002399805027
9849,61289,134.99874932608344
3718,61186,221.99842702245067
6578,61216,2376.4347602289968
285,61289,1044.3998981133223
13190,61289,181.2664012130767
9544,61289,196.30313579373194
6394,61289,428.82275785830996
11178,61289,259.9653492193162
8758,61289,3.711263135075797
174,61289,16.372086454699705
10827,61289,1089.4599483767215
4601,61289,874.9875055721691
6612,61289,710.7752050030593
3614,61289,247.68784861806128
834,61289,5.44673246203012
863,61289,5.30853454812741
3016,61289,6.671632995304394
3290,61289,2095.468821717023
3845,61289,8.25502014853003
4368,61289,10.804705892725798
8396,61289,5.841903987032936
3315,61289,7.433381118189016
11362,61289,707.7610849919758
12903,61289,207.59169094216696
11275,61289,115.23818946465165
11068,61289,536.0108270821657
7817,61289,580.8718175938268
12810,61289,97.02792074487235
11763,61289,4.108899321815229
1237,61289,203.92179355747743
6743,61289,4.145370360517454
1036,61289,558.0826210118228
2789,61289,71.89785850974361
1600,61289,363.28548680511494
12900,61289,128.01021833906833
3039,61289,11.089360560321387
7863,61289,24.36427409473692
7274,61289,18.380928039028323
7173,61289,951.7562985481262
4954,60203,68.07049367294832
5889,61289,450.89936144165745
7498,61289,1101.297854440083
4078,61289,107.0787818898713
6659,61289,438.5717626648757
2056,61289,188.7713331622311
4405,61289,48.427249240228946
7673,61289,8.614474466888929
9786,61289,589.9456867334675
6179,61289,99.80360921885887
1769,61289,4.143908396815999
10004,61289,60.589606090764484
8031,61289,3.6133038493281164
12866,61289,2283.3331863468566
6162,61289,365.6288612236784
3560,61289,9.55708665353606
1226,61289,204.33160461565296
120,61289,17.063181838361913
3617,61289,161.6992217719581
8573,61289,771.6697160125752
12705,61289,409.3432384973397
8377,61289,3.4932716880997026
3859,61289,147.5269463536372
1627,61289,989.2930153983007
8486,61289,684.3243266900517
11438,61289,269.3857399451384
7954,61289,27.86042502468141
8905,49026,18.446537385198326
13409,61289,9.541981045646551
4537,61289,764.5339034251413
9847,60202,4.428518449499232
658,61289,4.081095369994918
5796,61289,4.397178029905849
8254,61289,157.98236129982945
8137,61289,115.77793398034792
7454,60009,12.23456399151104
11355,61289,1011.2760370049363
10453,61289,1112.4029080735754
5372,61289,2193.2403050650264
7045,42172,4.627054097240327
13258,61289,75.47640135437717
3690,61289,1028.148993246481
11873,61289,1052.4485102635076
705,61289,4.014741194622376
3269,61289,1059.2835496914395
9188,61289,50.35058179789588
12718,61289,15.570088189084991
358,61289,371.47158891082995
3352,61289,926.8885912361309
9560,61289,14.115189067971238
10871,61289,4.748211949376978
8803,61289,13.610803320986063
6728,61289,382.13186163097026
151,61289,4.079016185144912
6177,61343,2276.294475245336
432,61289,1163.7593416934928
1007,61289,10.218297259296126
12535,61289,117.56476776971925
6506,61289,110.21132831433115
4334,61289,6.493619698375311
1666,61289,78.45898531646478
2059,61289,192.38504660180962
8601,61289,1063.7328204091518
5933,61289,600.7502291415008
9428,61289,40.019140822065076
10621,61289,554.6290300002562
6374,61289,5.001930243318848
11980,51167,2574.826800475345
11663,61289,2722.273806639235
1580,61289,940.0884086402484
5744,61289,934.051969686154
10022,61289,67.39316148038608
13242,61289,11.219412851611583
7926,61289,160.25166320091128
1084,61289,1003.3207955012215
4862,61289,231.906750400415
8638,61289,665.0818482742615
11317,61289,529.9653115587469
6312,61289,21.614356644139704
4961,59806,119.79479652046513
1517,61289,4.3204949174763865
1663,61289,49.682123641059555
9158,61289,269.70851327080555
8370,61289,5.001930243318848
8485,61289,688.8082937423212
11334,61289,13.108013083659785
10640,61289,519.0594728557722
2129,61289,501.87631039143906
11979,61289,2412.2633581957116
6857,61289,72.10131824504145
2761,61289,1236.149972111417
8305,61289,85.19423219774092
1218,61289,211.12864978983407
34,61289,26.98481690546224
796,61289,7.396453451227232
9685,61289,74.28233428171445
6307,61289,94.57151620514041
469,61289,580.056828371944
11234,60202,14.888253358377565
2146,61289,407.24315639923816
1576,61289,938.1711635857253
6538,61289,116.76691352539808
7984,61289,798.3668197649381
4270,61289,10.662996783863994
2994,61289,39.87917329124565
7874,61289,5.085727075920295
7989,61289,401.43425468885994
4468,61289,610.6245950019343
3996,65046,4.853653907291886
4171,61289,873.3464811332328
9935,61289,416.95285058510865
7946,61289,14.639350260058057
2272,61289,16.780104718783637
6917,61289,41.86121821402509
12821,61289,15.286573681769173
4983,61289,2080.351430966736
1745,61289,5.125079854830862
8684,60577,45.08237406761995
4353,61289,9.451755034632924
11932,61289,14.676696138580565
12090,61289,23.41050108192607
4964,63302,2228.9382980735754
178,61289,10.301049697328255
4920,61289,2108.622831824462
3456,61289,682.0221973499349
3195,61289,233.74414560387896
6826,61289,17.425366269476413
7320,61289,55.142931257836494
926,61289,1090.2191840674946
12455,61289,5.701808881074583
2389,61197,301.54489446038053
2992,61289,10.975562483398308
9565,61289,286.5287076488194
10690,61289,853.6113282690028
42,61289,21.46565115287732
13029,61289,12.755335466118487
7056,61289,447.01501267597575
10199,61289,1085.619639596869
9905,61289,456.89805456073304
7967,61289,67.72613669818975
4831,61289,16.97148911398722
51,61289,7.008959897386774
10698,53691,2163.4715202756483
10845,61289,1076.6224071222928
3306,61289,1311.556146012711
4227,61289,990.6357685473647
4106,61289,654.8765736594726
9241,61289,1077.8351747139063
2202,61289,160.2805545573501
7518,61289,993.5849402906429
8406,61289,9.469831332588331
5861,61289,4.853653907291886
11451,61289,6.581647194964635
3276,61289,2095.468821717023
8494,61289,4.1123871591186125
8298,61289,26.51568406129487
8140,61289,3.4932716880997026
8882,61289,999.0285319577829
1689,61289,1755.0552655182164
13376,61289,4.145370360517454
13358,61289,2215.140491938426
11557,61289,566.6480290355219
11403,60830,2210.829989551594
7022,61289,413.3803223318666
5583,61289,160.37983427568412
11238,61289,671.0820820446704
12377,61289,4.145370360517454
1684,53691,2206.2373275630143
4639,61289,906.0913555142344
9666,61289,16.48331826755872
10422,61289,699.862227050848
9103,61289,227.53127282080925
4206,61289,2953.4243125243856
3066,61289,10.702610074136144
1023,61289,526.7928919715143
3080,61289,9.451755034632924
10849,59806,4.331651897001825
397,61289,4.014741194622376
168,61289,9.428970319304506
5495,61289,399.30335065041317
9639,61289,147.14361087303544
12102,61289,1173.1786114771503
7515,61289,991.3515318928166
9244,61289,24.643452822845006
8751,61289,5.856654919434115
7078,61289,450.95822685957313
1329,61289,35.13485618137336
3838,61289,163.10003361639636
11276,40328,3.654310503498777
2123,61289,778.5853348267169
3252,61289,1324.3834340792935
1800,61289,199.64501689282483
12409,61289,508.41985884336464
7368,61289,48.27062778097873
10484,61289,2230.5377756896783
435,61289,1164.347725593205
1227,61289,206.13560628712872
3725,60917,9.497554713928333
9021,61289,637.25422432984
6311,61289,21.614356644139704
1476,61289,500.7342038012964
9356,61289,50.25327133879402
2449,61289,165.82463535663905
2693,61289,7.758585674897657
6283,61289,772.017389822902
2914,61289,352.24440286167976
4994,61289,2183.7976762406747
6693,65113,2127.183201048991
7284,61289,15.553245909567975
12879,61289,116.29063250775947
10691,61289,853.2541721085604
1454,61289,45.41593083786661
7043,42172,4.627054097240327
252,61289,22.347725045695242
10506,61289,49.38045233994581
12908,61289,3.6926882344423215
10877,61289,5.001930243318848
8694,61289,3.524563477223398
8964,61289,6.049422873419682
9857,61289,740.3992579543449
12932,60899,2212.10064212387
13042,61289,639.0153387482819
9846,60203,4.375428752325398
9810,60577,62.93264887847608
7686,61289,22.636125289397185
11819,61289,167.17954847529302
11699,61289,4.108899321815229
150,61289,4.3204949174763865
5045,63302,2183.336347409807
12604,61289,175.9818766550545
12917,61289,845.2794495956088
8380,61289,4.231002399805027
6180,61289,60.35824302836028
12314,61289,39.95639371618033
9427,61289,24.260272746109884
3081,61289,9.451755034632924
11716,61289,101.1777562837087
1359,61289,2.1932022928921375
201,61289,977.8325660472578
7904,61289,15.735103535526394
3911,61289,9.582518047415695
2615,61289,8.25502014853003
764,61289,4.014741194622376
11725,61289,3.4678402942200695
8372,61289,863.2363778179653
13142,61289,158.95820479017107
11240,61289,8.450112409436594
3147,61289,182.86188985162624
11461,61289,2324.045674996334
10365,61289,573.232351402786
994,61289,1632.8015562957162
6924,61289,43.6047344149045
1685,61289,37.447228432865515
9713,61289,31.37471269522104
6291,61289,990.2223360594999
7842,61289,942.3648951540159
10464,61289,1072.012782175254
7111,61289,1022.1913224402122
13069,61289,166.0085836720799
13420,61289,9.52501610978686
5325,61289,4.907848357799394
6293,61289,981.2556863633206
84,61289,9.697316336586
11404,61289,865.6939243625233
1656,61289,48.167237655413714
4075,61289,121.75562879420457
8831,61289,479.23108020341647
1327,61289,8.974215291905388
6570,61289,2299.2364152916625
9752,61289,591.3854771405915
2391,61197,301.54489446038053
9835,61289,800.2550555467599
8544,61289,3.4932716880997026
9605,61289,255.7976115315965
4642,61289,106.93261037136986
430,61289,1169.620247481442
5108,61289,45.58789223697564
9415,61289,2.390321545827536
9446,61289,4.173827968041415
5707,61289,46.41067379453774
11207,61289,385.8215936207665
8021,61289,25.722374170347706
3699,61289,258.22331907002314
2747,61289,111.35821681219494
3132,61289,335.7804188925236
10860,60202,6.642500263210094
7293,61289,510.7784994981654
7059,61289,374.19437251205625
1845,61289,140.47700924321825
8381,61289,3.4932716880997026
3483,61289,191.2471554939171
7521,61289,109.13201686519396
3071,61289,9.582518047415695
294,61289,1010.1592656107687
7751,61289,253.51963907559838
1787,61289,30.098664534219573
5419,61289,15.14260745377146
103,61289,10.194806729366224
7837,61289,396.77566734035634
10241,61289,162.55688736218048
8223,61289,4.692878618254134
7758,60899,2199.21818790835
8171,60577,16.90260700644329
5373,61289,2154.598646976657
1158,61289,170.20835637292726
10076,61289,507.2898477430516
1513,61289,145.916335216986
654,61289,4.143908396815999
7671,61289,7.503744573646864
7342,61289,54.27805852846678
6278,61289,22.11397316631861
12624,61289,143.92300186642905
3777,61289,251.91204669205626
8742,61289,287.9206303172416
6139,61215,97.31320731542222
11732,51249,2284.3988948308947
12822,61289,25.006085434764756
6959,61289,123.27190280291634
5728,61289,2180.934190468167
6408,61289,1040.04808145577
5080,61289,366.0685266889086
8092,61289,3.4932716880997026
2082,61289,582.7495674956856
6946,61289,422.85152368398207
2233,61289,934.9891474880309
7587,61289,1024.9011264825508
8147,61289,10.382249588362807
13266,61289,54.83570704290478
7199,61289,950.9241323406258
12680,61289,1238.688175328932
104,61289,4.014741194622376
8949,61289,4.081095369994918
12427,61289,162.48122722098276
6416,61289,642.9420119796446
11139,61289,1096.0889029005084
3342,61289,9.511286974240655
9773,61289,52.366206824967634
3012,61289,4.627804851839724
648,61289,4.143908396815999
12096,61289,4.397178029905849
1723,61289,11.416096925421918
7975,61289,439.31230271940007
6102,61289,48.60481423407951
11951,61289,227.44583822262882
4992,61289,549.1395415178238
5119,61289,389.9148821881398
11330,61289,575.8750857197474
6132,61289,5.951111218684974
6347,61289,123.96297278450615
7345,61289,44.64124260718435
544,61289,18.664737912086157
3070,61289,9.582518047415695
12299,61289,118.3642547389131
6188,61289,487.3992381142862
12446,61289,8.833130263051586
4099,61289,67.144663970095
10437,61289,680.6465809477812
4528,61289,459.13133844864024
5897,61289,2911.632225561193
742,61289,6.465767721746852
12549,61289,2189.6087213226374
11550,61289,2205.0430306441044
8189,62176,18.170113548815984
9608,49026,4.628902824498634
6373,61289,3.4932716880997026
3647,61289,959.6442831737656
10414,61289,395.74057425725414
8969,61289,25.70643530368423
4442,61289,537.6452078243968
9288,61289,2177.400685491516
3670,61186,9.570540588741546
4202,61289,931.6962149219887
13347,61289,5.841903987032936
3652,61289,59.92362967473395
2681,61289,68.19718768840703
8268,61289,3.67974189737841
8874,61289,91.82718687221137
1792,61289,2234.276964150902
8539,61289,290.8845155873157
3964,61289,266.62706965966885
840,61289,152.8214235917196
7074,63302,2350.2028169585233
11321,61289,341.44782333654115
9035,61289,569.9333395717726
3373,61289,1054.745046497791
11174,61289,1406.1777872490745
4084,61289,200.27815322150565
8827,61289,13.085864679030529
4399,61289,8.25502014853003
7365,61289,52.32694460197487
745,61289,10.606413956685415
12639,61289,444.53171009671536
3854,61289,194.01922640950676
6215,61289,2350.1046383183875
4951,61289,2293.569822729422
6146,61289,6.091341191517972
3839,61289,107.36114565781173
9872,61289,35.59730211643336
5387,61215,678.5043860746925
13352,61289,569.0948684451996
2013,61289,10.443335332844558
6931,61289,54.07892253629358
4697,61289,272.5674925979789
2040,61289,700.6587249259545
6770,61289,7.055214791630253
11758,61289,4.1631575422216915
1612,61289,1080.8268209567773
9016,61289,300.9473637190199
8164,60951,4.191946362282993
8048,61289,22.11111390626676
5853,61289,6.012041240478234
4150,61289,7929.497053479532
11878,61289,1034.861958310321
2190,61289,385.0970904103308
896,34748,1091.5550728741923
13155,61289,5.691168569176842
829,61289,4.487155837093172
6084,61289,670.6228104588687
2975,61289,268.26931019316044
11961,61289,17.900899866442604
12434,61289,4.3204949174763865
1198,61289,47.90566579145561
9296,61289,621.1574298765637
2555,61191,9.570540588741546
536,61289,7.105459908712314
3324,61289,954.5502132795157
7439,43460,4.641654802737206
2268,61289,8.321374323902573
5708,61289,3.648450108254715
12966,61289,235.49945154248178
2020,61289,7.325500821544596
1770,61289,4.143908396815999
8296,61289,22.78253002205981
11061,61289,4.176724104831009
7540,61289,144.36159902088212
4914,61289,16.74862050864057
1706,61289,1670.4376694478058
10317,61289,17.196094152743996
1044,61289,4.3204949174763865
11568,61289,2228.7604452723454
8941,61289,4.49513731565353
374,61289,476.28771765941417
4882,61289,657.2653532657289
4455,61289,536.8930694088749
12259,61289,430.23830738749155
11987,61289,95.86184518811959
6518,61289,157.90358285482918
5467,61289,660.1038793883959
6640,61289,938.5052535487771
3521,61289,109.78715975953136
12393,65109,2266.193246164419
5247,61289,4.0775542214434575
8251,61289,6.381241273368595
3890,61289,501.2489976140723
12278,61289,2221.3181069187945
12799,61289,6.310959010931698
2022,61289,2083.1209067609625
12284,61289,4.014741194622376
1622,61289,989.2605437750427
9321,61289,2179.436852462024
7192,61289,951.9929443674248
2401,61289,4.853653907291886
3704,61289,1156.420783799131
1587,61289,432.52266252355605
2460,61289,194.01922640950676
13259,61289,93.1600941012009
12031,61289,136.43208537048233
2806,61289,4.56365363137696
13312,61289,106.25436637616045
6183,61289,53.95173023644596
6729,61289,22.11397316631861
11592,61289,1225.5989735870558
3616,61289,161.6992217719581
9441,61289,704.2179703067843
10026,61289,895.4535530094903
12050,61289,158.36479595345668
9469,61289,78.10755766686975
4768,61289,8.321374323902573
7773,61289,495.935417173612
4955,61146,77.1329212203039
8085,61289,54.11384959615785
4093,61289,114.06238626944105
8938,61289,158.7912533100992
10792,61289,57.33398944373922
13169,61289,176.54779282956218
10374,61289,416.2506929800104
677,61289,4.014741194622376
7670,61289,7.503744573646864
10931,51249,2275.637708234356
922,34748,1091.5550728741923
6561,61289,923.2240783646719
1183,61289,538.7679226117782
4437,61289,537.6447692322898
4680,61289,221.80041784739944
222,61289,1032.041376363022
6067,60009,13.697885803007486
11661,CONTAIN_ROOF,2361.9308754727886
10801,49026,23.034190326216727
8438,61289,118.66995481242361
2743,61289,241.87127673850358
8511,61289,403.7247636527708
3990,48811,9.46871997049262
12978,61289,317.42093247334964
334,61289,14.528568340066915
7277,61289,26.888784637572716
1984,61289,888.3638405971893
3669,61186,9.570540588741546
1356,61289,4.2789687962045075
7019,61289,594.1510037896263
2910,61289,373.5372530415073
4412,61289,904.7752138339281
9933,61289,270.01084157829195
11302,61289,4.770969928942852
10310,60958,2236.3786323264058
11484,61289,27.61791212073607
1979,61289,885.8247601339267
2184,61289,273.49245125160456
4330,61289,4.853653907291886
2827,61289,152.30513119165053
5050,61289,426.85793635872176
6099,61289,4.138818893040644
3653,61289,7.600042037805803
7225,61289,2247.48661936883
725,61289,16.372753903840316
13171,61289,123.1698418920746
11565,61289,605.4526201020478
3873,61289,9.609979443274222
6473,61289,297.78945392266706
1419,61289,39.13748802927103
8414,61289,609.9636289497208
8249,61289,21.25381438459512
1946,61289,9.65577912256963
448,61289,560.084027597144
6021,61289,2150.426994775973
5577,61289,34.82847681227233
9143,61289,418.6237470991624
7329,61289,90.8635018498917
3820,61289,8.321374323902573
11430,61289,675.6143252097686
7229,61289,2188.9747734168177
2754,61289,1095.4900873148142
5768,50016,624.5526465920359
8068,61289,7.60693201393694
684,61289,4.556501575117815
3232,61289,894.3476068755353
10216,61289,945.1841604540709
876,61289,605.5510245570343
2936,61289,93.09762161275654
10971,61289,742.5298456927904
11727,61289,4.014741194622376
3446,61289,956.7319684421742
1990,61289,938.7250058773927
8009,61289,360.2127719440124
2535,61289,4.787299731919345
9781,61289,594.7935678436056
9498,61289,14.730844584787656
1796,61289,2234.279736147353
6821,61215,56.11771193928082
4097,61289,67.14830572259045
5484,61289,484.309747829372
1958,61289,9.397488897317578
6460,61289,171.92860827476193
10141,61289,935.4767965987605
1741,61289,5.125079854830862
2035,61289,954.7762697092462
7203,61289,951.7794534502502
5169,61289,965.0345516140793
5400,61289,575.7985790529964
4661,61289,8.443849034295786
6424,61289,679.2479922226313
1238,61289,214.63651077578822
6962,61289,2218.902806858915
4074,61289,121.75562879420457
102,61289,253.6807481102576
11577,61289,2291.0070866714286
2488,61289,9.684338665664622
6331,61289,340.16217666957726
8665,61289,211.72266867999224
980,61289,6.285251889563788
9705,61289,4.180580480786002
10019,61289,12.044705717744115
3091,61289,9.497554713928333
4731,61289,936.6357718549618
11887,61289,1043.7348974838105
11736,61289,8.60870711759334
1154,61289,380.26906768265235
12381,61289,4.205571005925394
2265,61289,7.600042037805803
3394,61289,225.4515248639716
1936,61289,1516.1140001519148
1784,61289,199.6507813127019
8765,60577,26.30811768476109
3572,61289,261.9638669543643
6505,61289,106.86227087696156
9253,61289,698.001376879672
3489,61289,194.79558845366222
8594,61289,1061.026898408591
12795,61289,287.86983228696994
10669,61289,51.67365297205092
3356,61289,8.25502014853003
7200,61289,951.6307542913241
3379,61289,960.5329677270081
12515,61289,339.4043834339081
9483,61289,966.0013056060286
20,61289,4.081095369994918
8199,61289,22.842982821561183
10787,61289,58.59034655778842
1434,61289,51.60697391869216
3462,61289,46.18711018574262
4984,61289,2077.0690622180755
8243,61289,731.5195268548272
322,61289,2.095326879822209
5285,61289,112.72653784019101
3543,63657,491.9322886405555
4129,61289,1628.275045142926
4895,61289,8.443849034295786
12383,61289,2307.222480925514
8884,61289,936.0678502488468
9369,61289,10.466325854679702
5077,61289,15.311128002143771
10400,43460,4.950510516106463
8867,61289,8.364074783718605
264,61289,1034.7532373264714
3574,61289,1073.327661948057
7318,61289,57.01623536233645
3448,61289,954.7762697092462
1369,61289,25.78424749202775
2255,61289,7.817915485290647
2484,61289,9.451755034632924
7175,61289,953.7622882338363
474,61289,567.2994784579992
9495,61289,240.74262636855343
9503,61289,220.66842479756838
7554,61289,120.2695692880224
6609,61289,202.65710862646569
5839,61289,20.826962817102174
8664,61289,209.13400704701343
11090,61289,12.285677418447785
11111,59806,18.902368978095396
9222,61289,104.46313678675418
8480,61289,1287.8901510632334
7933,61289,8.735301882181432
10815,61289,1088.2026763944214
12920,61289,26.291285469639373
8622,61289,291.00678428858396
10428,61289,415.1510712964698
3014,61289,195.58344940590294
3380,61289,961.9180272859114
2958,61289,66.19327525446079
7208,61289,1014.9338017035225
3874,61289,9.52501610978686
10052,53691,2166.8188172257023
6585,61289,63.44309439619666
7727,61289,4.145370360517454
7402,61289,399.95206934066016
12620,61289,191.74993133413565
9518,61289,46.10648278683141
9967,61289,719.5335407707648
851,61289,12.248582236650629
3475,48811,430.9079839171496
11974,65113,2224.228398290443
11907,61289,578.7652275516222
9576,61289,205.01940319750366
10082,61289,3.4678402942200695
10731,61289,1053.4648268240267
5684,61215,97.31320731542222
11533,49215,2272.7973526541036
6287,61289,397.7345988414399
6683,61289,2137.447036741922
7132,61289,921.2442438323094
6026,61289,2242.4752849972992
6335,63302,2258.3311060448937
968,61289,92.89060637027316
2168,61289,748.4929634820569
6422,61289,659.670398452695
2128,61289,501.87221207175025
12698,61289,4.135353590401382
96,61289,35.57065258110235
1492,61289,6.12563332086021
3818,61206,9.582518047415695
7714,61289,83.40653838779225
7600,61289,529.7576799669484
4963,61289,2158.945813888233
60,61289,4.0775542214434575
8936,61289,623.674261446046
4076,61289,9.451755034632924
11990,61289,91.35087556612794
10509,61289,1140.186312155192
9569,61289,253.43874790553778
12192,61289,941.4790936629261
8523,61289,3.67974189737841
9968,61289,615.582268830447
11328,61289,576.7314081923454
462,61289,597.1507818372434
3882,61289,292.69826918724664
5513,61289,202.466459623339
6559,61289,6.848356334720509
3932,61289,7.758585674897657
2981,61289,1558.8469376994208
10631,61289,8.72364555117278
5067,61289,21.430333350217655
13152,61289,6.546500936038036
9246,61289,77.88912947531243
9842,61289,98.68376781588393
10580,61289,2230.1107398170943
2003,61289,2004.356156678339
3028,61289,8.25502014853003
11536,60958,2278.067051036394
328,61289,4.081095369994918
5845,61289,90.12808859192535
1054,61289,4.014741194622376
10650,61289,580.6315457097153
8317,61289,5.670795189038105
4683,61289,222.2357332997611
8956,61289,3.648450108254715
11416,61289,96.76868987967062
331,61289,5.841903987032936
9020,61289,640.6365929586439
7434,51249,2177.3489688477403
9963,61289,621.4277812274669
614,61289,11.416096925421918
1283,61289,4.143908396815999
9255,61289,625.7074254352897
4723,61289,176.63711601478667
15,61289,1650.4082720691308
6919,61289,44.78045771862812
4111,61289,1406.6228303775115
12596,61289,274.0695171097618
6267,61289,362.3378967094999
9116,61289,71.18555239313798
9302,61289,2177.9424454480877
4113,61289,1120.3613724017073
612,61289,11.416096925421918
4415,61289,1046.5182702124257
2772,61289,1093.941347171543
10081,61289,3.4678402942200695
6976,61289,17.377295065522702
5035,61289,21.590945896207845
5121,61289,2106.3815281135403
6065,60009,13.697885803007486
1965,61289,889.7669788116543
12556,61289,5.707698793763104
5779,53691,2134.4276167946987
4864,61289,232.6226850082861
8218,61289,7.533670938783005
4300,61289,1478.850733601083
2616,61289,8.25502014853003
2770,61289,1093.9536960558685
8527,61289,14.849863141678556
3600,61289,273.49245125160456
2474,61289,8.321374323902573
6811,61289,381.92022773932547
971,61289,63.34431781059051
9100,61289,225.21005785353825
6533,61289,103.20968836952352
13379,61289,4.081095369994918
4011,61289,9.497554713928333
4726,61289,599.0470714221173
6385,61289,427.8087002416532
5757,61289,4.49513731565353
6699,65109,2136.561114568792
12539,61289,109.00661988124133
3083,61289,9.570540588741546
13361,61289,38.873253604132714
11155,61289,554.6725006189313
2145,61289,393.5803097170576
6746,61289,6.521777135499845
10935,61289,18.18164753240754
1808,61289,142.8633726052036
9604,61289,510.58195441365694
8125,61289,854.8645287426696
10613,60202,11.269722783577405
6651,61289,985.0153100648326
8417,61289,646.8575272865855
3488,61289,194.79558845366222
11613,60830,2215.0866689578047
1167,61289,10.61915624945474
6576,61289,2305.0457505253753
8674,61289,8.091562619024568
12107,61289,221.30809596574102
10914,61289,725.2423439238916
11847,63302,2380.4139522037567
3615,61289,161.6992217719581
12591,61289,240.7933282038576
6915,61289,41.76942775057892
9101,61289,225.94907440244242
6455,61289,20.51205042857163
4059,61289,8.25502014853003
1112,61289,154.9536572817079
5405,61289,927.8245969315403
709,61289,22.68964205214842
5567,61289,122.45982543910682
2993,61289,10.667710722711925
6593,61289,4.98013233526871
11036,61289,563.6113496128078
7996,61289,351.3644715861532
1348,61289,10.261160904738764
5227,61289,564.9114798744133
12217,61289,78.9230459543729
9264,61289,81.80902187494954
5279,61289,104.35424068991168
5305,61289,4.1123871591186125
1209,61289,395.054808500014
7760,62100,10.06976099848728
425,61289,125.86326106664166
555,61289,483.7979417889567
945,61289,1122.1633853580893
6187,61289,455.2654067246667
8295,61289,85.19423219774092
4166,61289,947.9391230038069
2271,61289,23.457941456045116
2715,61289,283.1963775624453
2969,61289,242.97936433299844
13118,61289,151.89320850450147
12405,61289,432.68875411144813
4005,61289,1092.5969815271033
13018,61289,289.327081771553
10194,61289,9.889410347892856
5848,61289,2372.693186880229
4366,61289,10.88966922621316
10708,61289,2166.627844046445
3425,61289,928.0620051712326
5690,61289,16.20180249538887
5788,61289,4.397178029905849
9287,61289,2202.753856767494
5197,61289,4.142306730344028
3170,61289,1442.0904410054864
9456,61289,4.081095369994918
2657,61289,107.0787818898713
13172,61289,123.74702894343721
3805,61289,223.50740824736897
69,61289,756.5209328377836
4238,61289,841.8359556113235
3060,58209,9.46871997049262
12960,61289,199.6054931328016
3207,61289,883.2019241661217
9994,61289,1080.1826430400101
7896,61289,9.568685914332033
8258,61289,38082.919313366896
12632,61289,150.9375519222183
10164,61289,1065.2279856270611
3852,48811,418.8930790354983
11602,59806,24.706676994484734
5913,61289,2162.9811603136905
7742,61289,225.37279964735288
4979,61289,2067.8221872033855
3329,61289,899.1866326632705
733,61289,5.380378286657577
246,61289,1028.0915250887874
3099,61289,5.974406542119909
11309,61289,2444.4578220472035
5621,61289,904.8231747583474
7459,61289,3.6926882344423215
2436,61289,292.69826918724664
5494,61289,399.30335065041317
2705,61289,5.48197124086526
9863,61289,1182.8739142777845
9148,61289,718.0512706139511
11071,61289,533.492791126849
5937,61289,2216.1426297410994
6551,61289,3.343927921071648
674,61289,4.3204949174763865
8194,61289,4.3204949174763865
1607,61289,1078.0364930954527
4839,61289,1003.6688462923773
477,61289,809.4863441711348
3888,61289,165.79542293021362
12013,61289,2348.838973592018
2875,61289,7.391854996917138
9308,61289,2159.397994089057
4863,61289,231.3312753174996
2617,61289,32.344147868454804
6386,61289,438.3743905808042
9380,61289,5.119633081518746
10270,61289,977.5941560028547
1509,61289,135.92520241518844
4902,61289,2198.3297272955606
1955,61289,6.559973873747854
4880,61289,657.6987957140923
8112,61289,261.58208491890207
5596,59799,3.685831741196164
6426,61289,692.602572941469
4047,61289,8.321374323902573
4451,61289,537.0489781178821
12231,61289,974.3592929231905
7347,61289,44.42685113981836
6748,61289,6.557304628171995
813,61289,482.9809249578499
8432,61289,5.76548911470076
9723,61289,10.045770712814805
4808,61289,907.2205338532453
6259,61289,821.124530817332
2178,61289,987.8356096928048
10653,61289,681.9506682081416
10512,61289,1029.562484761478
4443,61289,537.6882725362858
7039,61289,8.252788047118955
6352,61289,73.33434017266137
1428,61289,10.804488982556983
9058,61289,180.68370074028564
4521,61289,17.044750189141155
10286,61289,55.91692505689623
6785,53691,2095.1013378276893
7943,61289,10.427172063528465
6862,61215,56.11771193928082
1414,61289,38.394274646504485
115,61289,4.1123871591186125
11554,61289,47.44941247192108
7781,61289,220.49038189246863
13074,61289,159.18824967133466
12659,61289,68.75240600034796
231,61289,1030.4273839530397
6330,61289,5.767150848366262
2678,61289,67.144663970095
13216,61289,370.8221495655923
7421,61289,136.81262617701952
9034,61289,396.20184449782164
1521,61289,1027.1347079592092
5999,61289,4.518447626216868
215,61289,4.014741194622376
4641,61289,109.95724718103324
9667,61289,19.624107095452487
5341,61289,4.987263380211806
8084,61289,3.648450108254715
5923,61289,610.8137490655588
697,61289,12.471811027061149
12000,61059,1105.8425646227709
2632,61289,7.78224874363884
6524,26930,160.9724318155669
11221,61289,418.556066837829
4388,61289,1600.091583622108
11789,61059,1003.9242840973354
11381,62100,315.38026907428156
6168,61289,62.13536273321293
9080,61289,530.7025860254626
2030,61289,951.3459652032432
6082,61289,670.6228104588687
7635,61289,444.867722566961
7697,61289,410.1193795076857
13404,61289,4.853653907291886
8679,61289,24.75648779805493
8893,61289,778.5828631365712
10938,61289,213.754239182967
737,61289,299.6707893982018
5610,61289,191.16062329600254
13099,61289,399.6372067598676
12042,61289,252.28255706265475
7887,61289,55.20593143901734
5776,49026,23.034190326216727
11660,61289,2279.7212108632766
12092,61289,184.54859901673916
11153,61289,748.3720661412442
3528,61206,525.9481368449899
1499,61289,7.549666437331127
10037,61289,2233.029382592938
13319,61289,4.138818893040644
3442,61289,981.2199337930713
5929,61289,593.2695216693539
3500,61289,683.489671890761
32,61289,35.57065258110235
7976,61289,437.2209142191177
2440,61289,165.68839173009795
2326,61289,427.49125057089327
12372,61289,6.846362146096708
3624,61289,105.92934524978583
5047,61289,2222.991890091719
9725,40328,8.58570390204281
13081,61289,4.432324288832447
6833,61289,71.53985006880438
3296,61289,10.804705892725798
12661,61289,2291.066284501479
3069,61289,10.702610074136144
12228,63302,2305.111117439242
484,61289,534.6972748600035
4326,61289,462.59058827178404
2125,61289,680.2429300058479
12704,61289,409.0171204207956
12848,61289,488.5676994417323
12340,61289,2337.747462806608
8332,61289,462.63718611555026
11772,61289,191.20027454254011
12858,61289,484.72334543022106
12871,61289,180.9828205238277
10478,61289,1053.6715433658392
7333,61289,66.14660708114508
9186,61289,53.6581868556874
4891,61289,16.97148911398722
9085,PERFORATED_TILE,24.58342001063495
6956,61289,690.6532933707775
12431,61289,5.367391750866386
3853,48811,418.8930790354983
5533,61289,1031.9202206348
11639,61289,4.081095369994918
12143,61289,372.5243546312669
300,61289,997.0994680401303
13262,61289,276.74252754054464
5439,61289,4.647905205132734
1409,61289,18.560026416368725
6453,61289,540.2331362689802
10732,61289,1031.0504312609605
1748,61289,4.143908396815999
10735,61289,22.37466297467828
12301,61289,274.4439480584181
1415,61289,38.80753580626164
7991,61289,60.68251151151442
500,61289,534.6981186083891
669,61289,2.6780294267654874
2537,61289,8.377494858923242
9403,61289,4.243906409955661
12868,61289,223.29726327043954
2860,61289,937.8403312638555
1581,61289,940.1132496778929
11318,61289,18.226498192175537
9318,61289,2182.073433439606
3903,61289,9.451755034632924
12369,61289,20.86103056498388
12507,61289,4.111014941220334
304,61289,4.081095369994918
5435,61289,15.047819228683233
11625,61289,39.973868730943735
1019,61289,522.5072125798528
5401,61289,575.7985790529964
4696,61289,269.52026979703544
6573,63302,2204.8407450491186
6889,61289,664.1422840028092
2792,61289,131.3815869988859
6418,50016,685.151124852674
4769,61289,16.97148911398722
5666,61289,246.92604015677443
8064,61289,24.36427409473692
11184,40328,2311.883481754356
12337,61289,147.94682324470523
6012,61289,596.9570978299237
12342,61289,2363.505495736543
2629,61289,4.853653907291886
5698,50016,718.6511242235545
9539,61289,414.8996009339182
2674,61289,81.99135423228135
3636,61289,88.12212546421964
4394,61289,9.397488897317578
2376,61289,224.22470791032305
9320,61289,2204.404230735654
6815,26930,2194.6393940707485
3435,61289,2083.1209067609625
4765,61289,8.741403762827947
11759,61289,3.626250186392028
4550,61289,710.2683965664521
8631,61289,454.0113827687054
1069,61289,5.244391460562622
4029,61289,121.81804917574541
9603,61289,256.2706329063327
8248,61289,16.258213307634165
8900,59806,55.3661590031199
8349,61289,407.12413198360036
5770,61289,106.31625975614966
11360,61289,551.3867942328269
8824,61289,8.079550775988384
8118,61289,1240.1530223433465
7999,61289,342.4539404949047
12468,61289,2195.320592793947
11566,61289,600.0365199341702
6680,61289,2137.447036741922
466,61289,566.1367730453576
3781,61289,549.9725811431919
1721,61289,1627.2107763761037
11883,61289,12.521810176983294
13024,61289,433.8997367447107
9105,61289,4.487155837093172
3885,61289,165.69807670662618
5431,61289,71.83332192291863
6437,61289,13.374789535151011
9256,61289,607.4762382575382
13302,61289,159.15690540787742
6546,61289,47.86590774268386
5981,61289,4.628735530689348
5365,61289,1060.5241535011464
11692,61289,1109.9799052278822
2456,58209,1033.847517236241
9289,61289,2187.7421060941974
4140,61289,1183.78001694145
9538,61289,24.41276585089358
11269,61289,3.7242094721397088
421,61289,10.261160904738764
6704,65113,2127.183201048991
2478,61289,33.24397958449834
3943,58209,30.613333507517936
4193,61289,4049.583126779483
6884,50016,701.331505319259
1048,61289,570.107975890942
10420,61289,57.89568393752204
7449,26930,12.80181041133812
857,61289,16.140190237111046
9206,61289,706.8735756274502
4937,61289,330.60982083045155
7728,61289,4.463616077956143
9699,61289,7.60693201393694
13119,61289,181.59116423585812
2096,58225,731.0027262124905
915,61289,1098.364752890498
4485,61289,636.3708454249254
10495,61289,583.4042204662455
10119,61289,427.29148403386046
5958,61289,21.711005214388464
10589,61289,335.87042254212326
8299,61289,14.139104042864474
1140,61289,4.030930589546209
11346,61289,5.943895925155915
4975,61289,2077.930134669598
7047,61289,27.203670861117903
821,61289,4.310260585328203
1644,61289,1258.9286272082397
5842,61289,559.2756534798158
11216,61289,393.13566995089536
10957,61289,2250.27271285142
108,61289,4.046032983746071
8869,61289,6.080547113968648
7705,61289,139.74792594543177
368,61289,544.8035719466966
4950,61289,2252.0322968938717
6877,61289,983.6518329364153
3648,61289,1494.4758751070435
3989,48811,9.46871997049262
4686,61289,169.87665491334505
5295,61289,607.005107005862
9120,61289,14.430556010932595
5909,61289,2162.1184446691977
5220,61289,597.5429434972874
5426,61289,4.49513731565353
218,61289,1031.8047945614203
4338,61289,110.54111526078992
4316,61289,875.4379812553
2088,61206,479.46824381840804
3155,61289,5.548325416237801
13421,61289,7.600042037805803
4100,61289,67.14736742308281
4502,61289,624.6851653025399
511,61289,4.081095369994918
701,61289,21.18372442647336
1714,61289,1749.770251697758
170,61289,7.353577082860612
4476,61289,611.540301221081
10901,61289,1063.6086369168934
12967,61289,209.9194745894186
10807,59806,55.3661590031199
1278,61289,4.562381355316806
574,61289,485.1578914440412
9625,61289,2.2260180009071475
40,61289,4.2789687962045075
3692,61289,358.39324160773054
11962,61289,1108.2355103693983
4514,61289,450.1682747896697
12388,61289,2103.5941018619715
11822,61289,1050.2995372519076
3316,61289,6.639634239228971
10577,61289,2248.202261584054
933,34748,1091.5550728741923
10608,61289,602.1987395008682
3685,61289,35.176325383670914
12882,61289,195.36406093100743
3464,61289,9.4721233200487
6780,61289,5.244391460562622
1497,61289,131.2812593012556
4396,61289,9.511286974240655
3335,61289,934.3651169924387
347,61289,1047.5147734037741
10074,61289,788.4628569926074
4780,61289,369.85018582949226
13112,61289,146.7124936122458
475,61289,810.1468639433541
6364,61289,22.098469618625234
3612,61289,247.68784861806128
2086,61206,525.9481368449899
12414,61289,460.4342371020301
7475,61289,675.9056051484076
4221,61289,961.6900761696708
8062,61289,26.75221499001796
6876,61343,2176.560093264882
2343,61289,521.0116562609106
1618,61289,986.1423293291512
1403,61289,10.277282860981005
6499,61289,106.70728835477689
8974,61289,3.6613964453186263
7745,61289,223.16038982907293
1651,61289,1259.4790719682942
8493,61289,8.388430020151015
1744,61289,5.125079854830862
4478,61289,610.5923261269099
7677,61289,317.27982082131246
11503,61289,2259.897839592212
12460,61289,3.4932716880997026
9633,61289,978.1026736422733
12234,53691,2204.347565414158
972,61289,1069.5190438746288
13271,61289,67.13747798944213
6393,61289,447.4298806580452
6827,61289,21.478193913640048
5096,61289,378.89441720083926
3245,61289,882.5908838685591
11915,61289,2243.798999834695
11080,62100,310.76341352804945
8798,61289,68.800440748928
12743,61289,513.0534352672157
9506,61289,2196.4341083427685
1202,61289,6.35160606493633
5710,61289,28.3765607176465
4190,61289,7.391854996917138
11453,61289,4.487155837093172
9281,53691,2182.158378142611
5715,61289,4.231002399805027
12869,61289,182.65501978062144
37,61289,237.145877048644
10153,61289,1158.2255418774532
1624,61289,990.0606428599172
3564,61289,13.986015851236434
9412,61289,644.8731892534144
5702,61289,1171.3698735847076
5350,63302,2221.001383507677
8855,61289,11.140779447647013
7477,61289,673.239958455643
4490,61289,636.3708454249254
6760,61289,345.8118744031728
4130,61289,533.6999147313958
8141,50879,3.4932716880997026
3756,61289,4.853653907291886
2513,58209,30.613333507517936
11616,61289,4.981614934123028
8098,61289,15.740143414698265
12833,61289,129.53854226064811
10312,61289,7.113186079394064
12223,61289,38.84951182645192
1767,61289,4.143908396815999
11039,61289,2180.0036253616026
11844,49026,205.42842036820915
5251,60202,3.685831741196164
1289,61289,4.014741194622376
7008,61289,497.61634195128306
5071,61289,2.6780294267654874
4195,61289,854.5053575357197
6905,61289,43.077138065512905
12219,61289,46.36120462747248
5026,61289,134.71876926528222
8960,61289,26.86530052562832
5345,61289,7.085382127573754
11643,61289,1090.4640854331392
8371,61289,408.50243394082906
12212,61289,41.070555991851826
5911,61289,2161.6718204109766
7106,61289,929.6485685156497
5118,61289,391.8631509407371
9194,61289,853.3610401598128
4732,61289,937.9617372052394
5329,61289,24.728990456480556
7624,61289,524.8698062359871
3412,61289,888.3638405971893
8342,61289,391.97121269662694
8863,61289,8.460708494360574
11488,61289,512.0476574044247
1351,61289,4.1123871591186125
13047,61289,4.49513731565353
1328,61289,6.465767721746852
9411,61289,647.6179786191985
4157,61289,1025.7948830257383
10265,61289,8.473679645062973
2955,61289,297.3906745816536
6635,61289,2219.6890270390786
3563,61289,23.260767528757846
211,61289,5.678787109129868
9530,61289,86.8430280498103
1951,61289,318.8409723106598
8128,61289,860.2225473716791
652,61289,4.143908396815999
1594,61289,1041.347815845347
9051,61289,155.72024992818888
11354,61289,1021.2486658946948
638,61289,4.143908396815999
3313,61289,7.433381118189016
1397,61289,6.285251889563788
4049,61289,9.496181366351145
11443,61289,678.5717617693443
10388,40328,8.149012342983111
1671,61289,338.828742348133
6527,61217,149.51727410094406
2755,61289,1095.3637299857683
4973,61289,2080.341875817313
2302,63492,448.96748570054
4398,61289,9.1147714052496
12019,61289,134.89179905160387
3370,61289,430.46932537286364
10217,61289,247.79999550329234
2457,58209,1033.847517236241
2479,61289,9.609979443274222
9742,61289,613.9975370951064
12484,61289,2243.5977518424393
6495,61289,107.68551787996378
7602,61289,1048.6542759963759
2920,61289,325.3554201720726
13067,61289,201.74500428412026
12281,61289,450.3410304047143
1471,61289,499.24151851164413
4393,61289,9.397488897317578
485,61289,536.4167643175394
9247,61289,870.8677188534705
13345,61289,10.09432928420298
899,61289,1090.2191840674946
1733,61289,6.55716966631513
399,61289,4.014741194622376
2610,61289,9.397488897317578
12530,61289,103.17515352718814
909,61289,1115.511515885358
5014,61289,2143.993285932354
11840,61059,1008.1963595996447
6128,61289,164.76210068039958
3064,61289,6.671632995304394
593,61289,477.9836882239922
1251,61289,412.4136067375717
9965,61289,736.03197518354
12510,61289,111.32616727491882
6070,61289,4.108899321815229
8766,61289,5.76548911470076
13314,61289,204.49162236930164
13344,61289,173.26372656014098
4210,61289,930.1111567358855
11856,61289,2067.643912463802
9071,61289,432.5256077898201
13256,61289,95.6621884277581
4404,61289,6.493619698375311
13144,61289,153.16115931915192
12483,61289,2163.205251870302
765,61289,4.0775542214434575
10025,61289,466.41532767007084
583,61289,477.9369882034703
3468,61289,210.8051637821699
10118,61289,405.5587758827436
5307,61289,51.55263921191336
2151,61289,4.787299731919345
9309,61289,2157.627777750186
9028,61289,393.0056198512159
2849,61289,4.575567662819611
1871,61289,929.9118323167936
11257,61289,43.14967580363759
12476,61289,32.17487958722103
9119,61289,23.028175498587864
5585,61289,168.67989778427997
739,61289,299.55496946139675
2454,61289,132.30191513270543
1985,61289,23.86871516505424
3422,61289,2.7805347682538173
3546,61289,432.8026944473471
12627,61289,148.63729037465973
6316,61289,6.266304805372324
6074,61289,505.0056910077702
7615,61289,2146.8525260487127
9553,61289,467.8513864101874
2612,61289,9.511286974240655
2877,61289,8.321374323902573
751,61289,4.081095369994918
8716,61289,842.4601499974524
12108,61289,1174.6320829405472
1840,61289,6.493619698375311
4342,61289,8.321374323902573
1276,61289,5.80264325403412
9962,61289,46.26330900254102
12237,61289,426.6321502163329
6555,61289,2.2367200253903055
9681,61289,13.37734032765098
4149,61289,1861.5479338377163
9627,61289,58.870337176890985
8580,61289,21.465909715969875
4795,61289,8.443849034295786
8041,61289,3.4932716880997026
2118,61289,681.0493318360238
1370,61289,4.081095369994918
741,61289,299.146013820156
2471,58209,9.541981045646551
2496,61289,9.451755034632924
1189,61289,538.7667860932331
12027,61289,1073.096008562355
4681,61289,221.28113703901022
1571,61289,1124.212593583768
7625,61289,529.4597236608117
4124,61289,853.778664341712
9025,61289,4.406892894952815
13215,61289,384.9520496396709
1982,61289,7.391854996917138
12625,61289,137.7792643080622
2663,61289,200.27815322150565
9039,61289,195.96841574911264
6888,61289,664.1422840028092
2058,61289,192.38504660180962
11800,61289,314.7864097646715
2596,61289,1041.206491653382
10492,61289,47.04883479971952
2859,61289,1013.1180085467473
4654,61289,980.0815560105834
2324,61289,483.28121269034125
8814,61289,462.38692703627356
5563,61289,4.49513731565353
3509,61289,681.0493318360238
9898,61289,172.98419776463385
5386,61215,678.5043860746925
4707,61289,8.321374323902573
6978,61289,486.3622239438282
563,61289,494.0922542554588
8569,61289,776.6856261965809
9921,61289,758.7867506337973
8240,61289,89.49476766517174
1670,61289,87.51050685506873
11978,61289,1067.2303064146158
12120,61289,24.899644616221927
6075,61289,548.4173634651086
6111,63302,2305.7910167142527
4401,61289,8.25502014853003
8917,61289,190.38900334911037
9771,61289,9.399187165018361
11861,61289,2068.160840734821
4126,61289,6619.315911489662
8340,61289,736.1229991341413
4128,61289,1478.1477230073674
181,61289,2.2260180009071475
11734,61289,115.33080276667371
11402,61289,2317.0601603348423
9969,61289,612.7211967168342
1956,61289,10.443335332844558
1058,61289,47.51822435582269
10940,61289,11.318367791241059
9537,61289,413.8203736168483
1400,61289,649.4341280476492
8962,61289,3.698778078260075
8013,61289,314.3615567214614
5036,61289,18.695922468956404
10448,61289,654.6609240891411
5774,60203,27.24223284399894
10558,61289,11.98102548411794
1211,61289,411.99831520536077
7105,61289,927.9090135298699
12098,61289,4.138818893040644
10812,59806,71.66660363096491
9636,61289,77.3937628383308
12800,61289,2226.2556162072156
4216,61289,973.7739666161563
12996,61289,25.22717003001511
7336,61289,64.62899647859932
8188,61289,862.0383284535418
3061,58209,9.46871997049262
4257,61289,1220.9021622617042
1435,61289,51.60697391869216
13406,61289,7.996561959039464
93,61289,65.17081919454633
6943,61289,417.70523654321704
4906,61289,16.97148911398722
7937,61289,4.023821605064069
11908,61289,21.08054405963503
5009,61289,1057.2935195670823
2237,61289,1179.8462335899867
10798,49026,23.990183894629585
12697,61289,21.630870011206394
5091,61289,365.76067134063146
12775,61289,166.10576859466605
5858,61289,111.66270751142402
1085,61289,7.616020612703669
429,61289,1176.782683890267
3972,61289,8.25502014853003
4919,61289,2233.995230094239
3644,61289,890.5013210179194
13410,61289,9.52501610978686
2949,61289,11.392933298986659
7710,65109,2162.0380537374513
6828,61289,4.081095369994918
409,61289,496.69843967500583
13355,61289,217.08810211856468
1609,61289,1077.476357485997
6608,61289,201.72922655826903
13115,61289,152.57339602184132
9826,61289,2159.8737458190008
3551,61289,340.271547840238
7593,61289,1022.2262129094217
12488,61289,2132.496660570093
2216,61289,150.54478652539626
10442,61289,359.21152999808584
950,61289,1080.9465789041435
4751,61289,8.321374323902573
7986,61289,777.8374372322032
12647,61289,2209.212818901331
11937,61289,1077.4535767736538
9586,61289,768.033414545039
5287,61289,2716.589572296442
5736,61289,2130.291909729468
12190,61289,368.49215802912306
6346,61289,123.96297278450615
6063,61289,3.6926882344423215
7204,61289,951.1724289011263
1422,61289,1094.0332267251615
5033,61289,63.921828569223564
4557,61289,1669.994604988009
820,61289,22.65279687211572
13129,61289,134.57554649564662
9989,61289,1091.623834345618
5884,61289,966.1943613278131
12067,61289,519.5411715900511
10062,61289,2158.4567830063484
6837,61289,1030.9159751871957
1286,61289,538.7599595348333
3376,61289,991.5798586417005
8053,61289,1255.5682421441275
6750,61289,20.945337465664032
12136,61289,3.6613964453186263
1092,61289,1650.0377056267603
8531,61289,4.231002399805027
74,61289,12.068473874691563
3998,61289,164.12732053792826
5921,63302,2237.83026185986
11586,49026,8.523373484590529
8286,PERFORATED_TILE,43.41145452597601
4120,61289,848.7830713579808
292,61289,7.108160337878774
10769,61289,13.72567343837473
7128,61289,921.408770504866
6320,61289,55.24663639928012
2090,61289,431.27008527521537
3496,61289,191.76843513190917
1802,61289,154.97008916796472
12300,61289,133.59278704816495
3211,61289,880.6568134533018
3596,61289,852.4006326290062
12939,61289,22.78253002205981
319,61289,11.635570235595505
8517,61289,388.17352455869315
4835,61289,9.073245283977725
13049,61289,39.203811324726296
2956,61289,9.536718368120287
1826,61289,4.853653907291886
4082,61289,8.321374323902573
10136,61289,667.3468973895365
7869,61289,18.133965918666107
5441,61289,4.081095369994918
6254,61289,84.00749395397972
7707,61289,963.8792992089188
6175,61289,10.919313550198192
13148,61289,161.24194431299549
10379,50879,5.856654919434115
1831,61289,157.06015955064257
5222,61289,597.54057260951
86,61289,15.639914913819254
13065,61289,155.19628690437568
1220,61289,204.50925510408598
2819,61289,998.954956609349
7696,61289,410.1193795076857
2313,61289,4.853653907291886
2421,61289,4.929937453674714
2799,61289,220.00764599557303
5334,61289,275.209890244125
2597,61289,981.6998034715292
595,61289,477.98627949867864
7534,61289,112.82025868586408
7224,61289,3.458125429173104
4966,53691,2076.8598731404127
8940,61289,7.818107958094669
11968,61289,126.75535876829771
13017,61289,118.8649500988886
12577,61289,8.013884655636014
11002,61289,273.8341848429117
62,61289,7.515115367147588
10655,59806,318.60684023292896
12323,61289,2260.303561129586
9585,61289,102.65821416372384
2358,61289,549.9725811431919
10633,61289,6.287462977371542
11091,61289,4.487155837093172
10664,61289,44.397707468199854
5915,61289,2135.2122545374436
13318,61289,8.26967583278171
6006,61289,408.86057185176776
7135,61289,921.1222902014799
7768,61289,496.4786973345597
959,61289,27.815645145900078
11686,61289,4.079016185144912
1514,61289,2.095326879822209
9649,61289,3.556084714920784
1480,61289,497.8678784914727
6927,61289,55.05512732092515
10826,61289,1084.7357195316386
5864,61289,6.310959010931698
7507,61289,2220.9143685836198
8120,61289,1129.718859176976
8247,61289,60.5425588954041
12513,61289,2190.818342923761
9225,61289,13.296566990380533
12857,61289,775.8328760085425
13198,61289,435.96227780478273
11102,40328,2209.957513350552
10281,61289,344.75429082878986
3414,61289,888.3638334071547
12059,61289,15.476050788807362
7259,61289,2266.2766135611073
128,61289,25.600374775304644
11526,60958,2280.0937307803224
12313,61289,147.3100581627685
7302,61289,1033.3434328982162
12445,61289,2204.793510433935
8995,61289,13.505574226021336
12561,61289,156.05338240545976
7770,61289,256.8486996694452
11874,61289,1036.7185581833382
276,61289,1007.0584413602508
9293,61289,2191.0749215887877
9422,40328,9.931774237592924
1273,61289,4.014741194622376
7335,61289,62.36571218735975
4522,61289,11.627178699822723
4036,61289,9.570815789082266
11213,61289,407.2806216994979
1898,61289,383.52521065150347
4607,61289,8.321374323902573
7018,61289,499.2338956720521
13180,61289,131.82291158761166
9474,61289,207.78219838153183
12841,61289,51.32700132001665
716,61289,4.081095369994918
9449,61289,8.074831623139623
4411,61289,893.3836962725798
1119,61289,136.6331271173055
8385,61289,25.4248629518568
6921,61289,39.056423010498335
12938,61289,500.73857139413724
10413,61289,2167.9757926158636
2317,61289,8.321374323902573
4741,61289,482.24294905228004
5354,61289,452.746418754518
10386,40328,8.318969509610044
7891,61289,8.431568205330874
4345,61289,9.451755034632924
4527,61289,782.780330095477
9914,61289,773.7154946502213
4644,61289,831.6350445131295
7856,61289,873.574538931912
10800,59806,70.59854024310641
1865,61289,974.4683893185648
7825,61289,426.8070787739238
7325,61289,51.2281597645313
12692,61289,45.43204236569068
9960,61289,521.9531151104577
11871,61289,1053.76708830511
12915,61289,3.626250186392028
734,61289,317.81330229888545
7541,61289,100.53180246889643
12563,61289,129.01710579349793
4715,61289,184.72702703932563
7586,61289,1024.9011264825508
8954,61289,94.6134325979986
12489,61289,4.108899321815229
3493,61289,192.53243208523935
10060,61289,2172.3051239155952
2866,61289,374.1675415032728
12860,61289,717.4059080308542
6642,61289,938.7310446731915
11433,61289,675.4648632454648
3354,61289,1209.8087718024162
12876,61289,447.26639279600886
6322,61289,12.521666002670624
13383,61289,168.87944189786782
2583,61289,56.80388460226201
6401,61289,999.1468620711787
7969,61289,2.721547159263656
12156,61289,73.70604973507295
11182,61289,2317.9380207830127
6225,61289,2223.552349570151
8722,61289,160.26062604154157
6591,61289,4.145370360517454
7809,61289,805.109711984205
10499,61289,585.6208389852065
5175,61289,580.8024486460781
12573,61289,58.8417605038074
1794,61289,2234.2776571500153
1693,61289,1687.4304956146889
7800,61289,802.0001425479477
10918,61289,462.7129130798885
5612,61289,102.82232788236345
494,61289,537.8697042767823
5310,61289,4.991968518214424
158,61289,38.52069497282047
7632,61289,2260.660911712673
3345,61289,9.426323640753292
4402,61289,151.38665164695564
7294,61289,500.7245678911121
7529,61289,121.02713205356864
2288,61289,943.5629989252678
9630,61289,979.9889548983042
8345,61289,390.6861049933543
966,61289,58.917268774426134
9751,61289,591.0799097658776
5157,61215,591.9941156321697
2253,61191,9.46871997049262
7408,61289,417.60584673851895
439,61289,10.333403396001678
2689,61289,7.758585674897657
9798,40328,32.29085429070664
1615,61289,984.9353839188602
9041,61289,300.1865464966376
7921,61289,12.681026739663753
3032,61289,7.433381118189016
11730,40328,2295.1494899319923
9133,61289,428.3869754740822
757,61289,2.1932022928921375
4408,61289,173.73355486460062
1091,61289,1649.4341337974574
5438,61289,9.067360445251111
9335,61289,17.650564197462657
4924,61289,319.6733496994648
3102,61289,4.853653907291886
7249,61289,466.09122457499495
10998,61289,283.27104302414443
4112,61289,1176.2579425635365
10723,61289,4.955661552205366
6984,61289,489.47026666771046
3015,61289,7.8249398502702
3774,61289,955.1647681458833
7020,61289,513.5822552888691
1879,61289,251.80843862070896
12973,61289,9.098139410081956
12792,61289,77.79668796728323
3222,61289,1287.8381814945474
8038,61289,99.94822113489391
12957,61289,191.64916210460603
9181,61289,328.5526284726791
11591,60202,4.453949843378866
12014,53691,2296.848336536191
10064,61289,221.3332250416346
8032,61289,846.9605410780404
3234,61289,1355.035737897142
9661,61289,3.4932716880997026
2590,61289,151.38665164695564
1433,61289,4.143908396815999
6299,61289,105.92864374215493
4851,61289,8.321374323902573
2175,61289,667.7721828549982
5628,61289,670.1667459159685
2103,61289,432.8026944473471
5385,61289,2.521412325084974
10873,61289,1102.4350625338695
4664,61289,9.281432324866385
1935,61289,1209.8087718024162
12274,61289,2221.0025289791324
11698,61289,3.458125429173104
7101,61289,925.2015462299564
5153,61289,558.0422861035634
9587,61289,767.6380601987885
759,61289,10.217668790622652
11925,61289,2309.5886893922425
830,61289,4.487155837093172
11829,61059,1006.4519750431608
12668,61289,176.75913785303288
3939,61206,9.536718368120287
2448,61289,207.95799036401613
11044,61289,2189.7285273745856
11229,60202,4.485471081076252
12644,61289,2225.76892367028
10936,61289,26.589470189167287
8026,61289,124.95597312762403
7343,61289,54.27805852846678
12465,61289,357.62725120154767
8002,61289,333.2720395893226
1460,61289,46.85458921552682
10044,61289,8.34395385185231
6818,63302,2279.2900991281635
4554,61289,57.33806158167113
6033,61289,2252.325287701062
12635,61289,149.79923009012714
3025,61289,9.443288576612984
3835,64869,9.451755034632924
5262,61289,9.402077148038618
135,61289,21.7404492796557
10104,61289,377.5101361740859
12566,61289,65.07107526497849
9785,61289,590.616675610893
8427,61289,707.025883929126
800,61289,563.628273894518
7170,61289,951.7794619490994
428,61289,8.008828575209264
12318,61289,2302.856642991603
10950,61289,661.2902808684373
8410,61289,692.3207405783542
13295,61289,2230.397048908983
3188,61289,10.816408151059225
1256,61289,4.310260585328203
13373,61289,4.487155837093172
12126,61289,8.452078129215195
4421,61289,1049.057469311258
11490,60015,2346.7854099830993
2319,61289,8.321374323902573
6715,61289,607.215002005106
4666,61289,9.073245283977725
8275,61289,3.7242094721397088
9149,61289,709.1914131701299
7750,61289,253.51963907559838
6308,61289,94.57151620514041
6596,61289,3.7242094721397088
2528,61289,4.853653907291886
3185,61289,9.582518047415695
11220,61289,474.385688896161
13116,61289,198.58989452442768
10913,61289,2.7058333785857984
10661,61289,14.567034964162906
12462,61289,2152.6886414560413
9280,61289,647.0712455254034
11410,61289,22.73116934297893
6235,61289,687.9743793349753
1,61289,1603.4713823306238
8359,61289,325.6485230989264
3223,61289,1287.8381814945474
3579,61289,804.2234399409642
3419,61289,1294.343745698616
12247,61289,435.280327293658
6358,61289,399.7334421710508
3129,61289,8.321374323902573
7628,61289,704.5892590850781
13310,61289,220.84617957828706
10729,61289,1056.6293122126863
8311,61289,29.634605815565706
11254,61289,338.25588939275985
2019,61289,5.48197124086526
3979,61289,9.497554713928333
8828,61289,4.081095369994918
6072,61289,2211.448522343807
6731,61289,22.11397316631861
7564,61217,205.9594578568905
2865,61289,373.7226884700916
12010,61289,697.7005584028482
10886,60958,2241.541231349464
13372,61289,4.487155837093172
4982,61289,2070.9683686708586
9637,61289,132.03395214704125
12609,61289,7.726290008414151
9374,61289,342.8644999430618
10150,61289,959.1760189271321
6671,61289,3.6926882344423215
217,61289,4.3204949174763865
9730,61289,11.28611140367452
4191,61289,14.19467622685194
3017,61289,10.73144481757186
12073,61289,673.1357805808289
867,61289,50.07710182430897
6614,61289,499.7277793762054
44,61289,4.145370360517454
18,61289,16.627407728120755
7172,61289,951.5078252337405
8168,60577,34.79708701345132
1884,61289,462.59058827178404
2997,61289,4.853653907291886
11378,61289,6.043333029601928
2999,61289,10.88966922621316
11205,61289,396.0774982264405
11351,61289,2235.671283719808
7133,61289,919.1564137979544
4194,61289,857.4986811422459
3144,61289,623.9301433650771
6940,61289,41.54022831490012
5293,61289,310.50312851087915
12326,61289,2249.670807581359
12487,53691,2133.4886484330154
6260,61289,817.251645919796
260,61289,1034.4652521448393
9306,61289,2157.9869558062937
10733,61289,988.2641502587414
9442,61289,9.439364689233829
5641,61289,48.25998646994672
533,61289,11.233829169638325
8640,61289,1397.0312668136528
10924,61289,7.508239544903371
10774,61289,299.41740051170416
9718,61289,18.386833584935207
12990,61289,2286.417909980032
11423,61289,96.95083975895497
12396,61289,22.7009941626802
431,61289,1162.3104130689817
9387,61289,433.6978753868034
2329,61289,1133.1979130747663
4823,61289,11.392933298986659
3438,61289,1009.0774059444831
578,61289,485.09624317441046
12474,61289,67.67479004751249
4861,61289,990.6061734622131
8170,50891,3.4932716880997026
10311,61289,4.675709156953045
3722,61191,9.46871997049262
1699,61289,1770.5481883097227
762,61289,6.834707618031149
8746,61289,3.648450108254715
797,61289,7.396453451227232
8639,61289,8.306450014535539
5643,61289,10.045770712814805
5590,61289,28.265711475594966
9245,61289,12.471733719213049
12135,61289,3.4932716880997026
12633,61289,12.664447898738665
2547,61289,8.25502014853003
1942,61289,871.6500058294048
3300,61289,9.451755034632924
5145,61289,590.9766357167828
6694,65113,2125.791691949119
2857,61289,62.33468944119838
9808,60577,16.992225488248685
5704,61289,1034.9368646727594
4673,61289,2120.842438794085
5825,61289,24.19292623226906
4103,61289,68.01389888237543
12079,61289,198.6559286639167
592,61289,477.9836882239922
3367,61289,407.2639528507266
8445,61289,691.9149684910144
1042,61289,18.41425721858377
10802,60202,4.453949843378866
7069,61289,395.2705783214852
2518,61289,7.996561959039464
2222,61289,88.12212546421964
8806,61289,4.079016185144912
8813,61289,423.34112796040324
3001,61289,10.88966922621316
6114,61289,2216.985571192932
8360,61289,334.87679241653893
7503,61289,995.6838331094616
11225,61289,403.614352815438
961,61289,1115.6946877777455
2900,61289,657.6050582815635
8652,61289,4.606799080710776
7061,61289,302.0592878847217
3858,61289,147.5269463536372
884,61289,1092.445696757841
4116,61289,4976.651505955851
8450,61289,910.0055833733575
11074,61289,8.252788047118955
6171,61289,458.32393569009594
6805,61289,389.5240388802499
12580,61289,277.95799902659707
8397,61289,856.4834280052579
4289,61289,7.391854996917138
8362,61289,361.32202722302713
6334,61289,8.60870711759334
9487,61289,1086.4269356090776
3038,61289,11.089360560321387
2901,61289,657.5926518769613
6662,61289,520.5686895272676
2451,61289,133.24701667013701
12931,61289,2196.098270895828
10142,61289,940.9749446521122
4101,61289,67.12719578117543
11618,61289,2270.341153865495
12117,61289,570.0933683561822
1161,61289,534.3911657574657
7978,61289,437.2447960728203
13030,61289,12.934755098856705
10764,61289,9.161432476252125
7309,61289,423.2879464281823
2155,61289,212.6559799730425
6970,61289,17.322226982943313
7014,61289,498.2112628281658
10609,61289,621.26877574591
3275,61289,2095.468821717023
8257,61289,25.04851404468077
13201,61289,218.28253260102437
5560,61289,243.08072296003843
11784,61289,1018.7460329135081
10372,61289,700.872821131617
13077,61289,154.5670034171985
7079,61289,450.50760889018017
1148,61289,5.80264325403412
8285,61289,22.056178428862125
4833,61289,356.24869713735677
7326,61289,53.382007565978356
10176,61289,973.9248732603958
11489,61289,2802.173967596789
7051,60409,7.489229175737041
1887,61289,4.853653907291886
3878,61289,132.3172047411587
1340,61289,542.4894369083206
13269,61289,1315.1089378097836
8489,61289,687.1564810641422
6142,61289,25.691736577852236
9782,61289,590.8986016033398
7900,61289,804.4627829122065
3106,61289,4.853653907291886
1502,61289,4.046032983746071
11524,60958,2281.2503353174793
2767,61289,1140.7871252853647
4897,61289,16.663657175153208
2821,61289,1006.9498667359081
11365,61289,2189.962904279014
9924,61289,776.4509154415306
10410,61289,65.89774169798876
